ACM,acm.org
AMD,amd.com
AMD,amd.corp-partner.google.com
AMD,xilinx.com
ANL,anl.gov
ARM,arm.com
Accenture,accenture.com
Access Digital,accesssoftek.com
Adobe,adobe.com
Akamai,akamai.com
Alibaba,alibaba-inc.com
Alibaba,linux.alibaba.com
Alif Type,aliftype.com
Amazon,amazon.com
Andes,andestech.com
Antmicro,antmicro.com
Apple,apple.com
Arntzen Software,arntzen-software.no
Autodesk,autodesk.com
Azul,azul.com
Azul,azulsystems.com
BDTi,bdti.com
BEC,bec.de
BlackBerry,rim.com
Blackberry,blackberry.com
Bloomberg,bloomberg.net
Brave,brave.com
Broadcom,broadcom.com
ByteDance,bytedance.com
CERN,cern.ch
Canonical,canonical.com
Chinese Academy of Sciences,iscas.ac.cn
Cisco,cisco.com
Cloudflare,cloudflare.com
Codeplay,codeplay.com
Collabora,collabora.co.uk
Collabora,collabora.com
Collabora,collabora.corp-partner.google.com
Colorado school of Mines,mines.edu
Cornell university,csl.cornell.edu
Debian,debian.org
Dell,dell.com
Dell,dell.corp-partner.google.com
Digia,digia.com
Dolby,dolby.com
ENS Lyon,ens-lyon.org
ENS Rennes,ens-rennes.fr
Epitech,epitech.eu
Ericsson,ericsson.com
Foxit,foxitsoftware.com
FreeBSD,freebsd.org
Front Range Internet,frii.com
GNU,gcc.gnu.org
GNU,gnu.org
Gentoo,gentoo.org
Getdesigned,getdesigned.at
Gnome,gnome.org
Google,ad.corp.google.com
Google,android.com
Google,behemoth.cnc.corp.google.com
Google,chaitanyag.mtv.corp.google.com
Google,chromium.org
Google,courtneygo1-w.ad.corp.google.com
Google,google.co
Google,google.com
Google,mtrofin-macbookpro3.roam.corp.google.com
Google,noogler.google.com
Google,petermueller-macbookpro.roam.corp.google.com
Google,prod.google.com
Google,skia.org
Google,webrtc.org
GraphCore,graphcore.ai
Harvard,alumni.harvard.edu
Harvard,college.harvard.edu
Huawei,huawei-partners.com
Huawei,huawei.com
Hyperconnect,hpcnt.com
IBM,ca.ibm.ca
IBM,ca.ibm.com
IBM,cn.ibm.com
IBM,de.ibm.com
IBM,ibm.com
IBM,in.ibm.com
IBM,jp.ibm.com
IBM,linux.ibm.com
IBM,linux.vnet.ibm.com
IBM,uk.ibm.com
IBM,us.ibm.com
IBM,vnet.ibm.com
Igalia,igalia.com
Imagination,imagination.corp-partner.google.com
Imagination,imgtec.com
Individuals,163.com
Individuals,2pi.dk
Individuals,aaronballman.com
Individuals,adenilson.org
Individuals,alice-dsl.net
Individuals,andric.com
Individuals,antoniofrighetto.com
Individuals,behdad.org
Individuals,belkadan.com
Individuals,berlin.de
Individuals,carter.net
Individuals,compnerd.org
Individuals,dberlin.org
Individuals,devlieghere.com
Individuals,dreamwidth.org
Individuals,efcs.ca
Individuals,everburning.com
Individuals,evlogimenos.com
Individuals,exchange.microsoft.com
Individuals,fhahn.com
Individuals,filcab.net
Individuals,foolip.org
Individuals,free.fr
Individuals,gmail.com
Individuals,gmx.com
Individuals,gmx.de
Individuals,gmx.net
Individuals,googlemail.com
Individuals,greggman.com
Individuals,grosser.es
Individuals,gtempaccount.com
Individuals,hahnjo.de
Individuals,hanshq.net
Individuals,hazardy.de
Individuals,hotmail.co.uk
Individuals,hotmail.com
Individuals,icloud.com
Individuals,jdoerfert.de
Individuals,justinbogner.com
Individuals,kendyck.com
Individuals,kzar.co.uk
Individuals,laposte.net
Individuals,lenharth.org
Individuals,live.cn
Individuals,live.com
Individuals,m-sp.org
Individuals,mac.com
Individuals,mail.ru
Individuals,martin.st
Individuals,maskray.me
Individuals,me.com
Individuals,meinersbur.de
Individuals,metafoo.co.uk
Individuals,mithis.com
Individuals,msn.com
Individuals,mwiacek.com
Individuals,myhsu.dev
Individuals,niedermayer.cc
Individuals,noemail.net
Individuals,outlook.com
Individuals,ovi.com
Individuals,piotrzegar.pl
Individuals,playingwithpointers.com
Individuals,playstation.sony.com
Individuals,proton.me
Individuals,protonmail.com
Individuals,puyan.org
Individuals,qq.com
Individuals,redking.me.uk
Individuals,reidspencer.com
Individuals,robwu.nl
Individuals,rotateright.com
Individuals,sapo.pt
Individuals,sonic.net
Individuals,stdin.nl
Individuals,tambre.ee
Individuals,tianshilei.me
Individuals,tsyrklevich.net
Individuals,users.noreply.github.com
Individuals,users.sourceforge.net
Individuals,wanadoo.es
Individuals,warlow.dev
Individuals,xs4all.nl
Individuals,ya.ru
Individuals,yahoo.com
Individuals,yahoo.fr
Individuals,yandex.ru
Individuals,yoav.ws
Individuals,znu.io
Individuals,zuster.org
Intel,intel.com
Intel,intel.corp-partner.google.com
Intel,linux.intel.com
Jetbrains,jetbrains.com
KDE,kde.org
Khronos,khronosgroup.org
LGE,lge.com
LLVM,llvm.org
LLVM,llvm.org.cn
LLVM,nondot.org
Linaro,linaro.org
Linux Foundation,codeaurora.org
Linux Kernel,kernel.org
Logitech,logitech.com
Loongson,loongson.cn
LowRISK,lowrisc.org
LunarG,LunarG.com
LunarG,lunarg.com
MIPS,mips.com
MediaTek,mediatek.com
MediaTek,mediatek.corp-partner.google.com
Meta,fb.com
Meta,meta.com
Metrix Constultants,mxc.ca
Microchip,microchip.com
Microsoft,microsoft.com
Mobica,mobica.com
Modular,modular.com
Moritz Systems,moritz.systems
Motorola,motorola.com
Mozilla,mozilla.com
NEC,emea.nec.com
NEC,nec.com
NYU,nyu.edu
Narod,narod.ru
Naver,navercorp.com
Netflix,netflix.com
NextSilicon,nextsilicon.com
Nokia,nokia.com
Northeastern University,ccs.neu.edu
Nuanti,nuanti.com
Nvidia,nvidia.com
Nvidia,nvidia.corp-partner.google.com
Octopus Computing,octopus.com.au
Opera,opera.com
Polymage Labs,polymagelabs.com
Purdue University,purdue.edu
Qiaxin,www.qianxin.com
Qt,qt.io
Qualcom,quincinc.com
Qualcomm,quicinc.com
Qualcoom,qualcomm.com
RT-RK,rt-rk.com
Redhat,redhat.com
Rivos,rivosinc.com
Rutgers,rutgers.edu
Rwthaachen University,itc.rwth-aachen.de
SAP,sap.com
SAS,sas.com
SN Systems,sn.scee.net
Saarland Informatics Campus,cs.uni-saarland.de
Salesforce,salesforce.com
Samsung,osg.samsung.com
Samsung,partner.samsung.com
Samsung,samsung.com
Samsung,samsung.corp-partner.google.com
Samsung,sisa.samsung.com
Shopify,shopify.com
SiFive,sifive.com
Sigma technology,sigmatechnology.se
Slack,slack-corp.com
Sony,sony.com
Sony,sonymobile.com
St Petersburg State University,math.spbu.ru
Suse,suse.cz
Swansea University,swan.ac.uk
Synopsys,synopsys.com
Szeged,inf.u-szeged.hu
Tencent,tencent.com
TensorFlow,tensorflow.org
Técnico LISBOA,tecnico.ulisboa.pt
UC Santa Barbara,ucsbalum.com
Uber,uber.com
Ubisoft,ubisoft.com
University of Illinois,cs.uiuc.edu
University of Illinois,illinois.edu
University of Illinois,students.uiuc.edu
University of Illinois,uiuc.edu
University of Tenessee,vols.utk.edu
University of Washington,cs.washington.edu
University of Wisconsin,cs.wisc.edu
Universität Passau,fim.uni-passau.de
Unknown,0039d316-1c4b-4281-b951-d872f2087c98
Unknown,2bbb7eff-a529-9590-31e7-b0007b416f81
Unknown,aero.org
Unknown,atanasyan.com
Unknown,auroraux.org
Unknown,bennani.ma
Unknown,braunis.de
Unknown,ce2b1a6d-e550-0410-aec6-3dcde31c8c00
Unknown,cl.cam.ac.uk
Unknown,codedgers.com
Unknown,codesourcery.com
Unknown,comstyle.com
Unknown,dylanmckay.io
Unknown,homejinni.com
Unknown,inglorion.net
Unknown,jolt-lang.org
Unknown,labath.sk
Unknown,martijnc.be
Unknown,mentor.com
Unknown,molenda.com
Unknown,my.bristol.ac.uk
Unknown,nod-labs.com
Unknown,obbligato.org
Unknown,openbossa.org
Unknown,pcc.me.uk
Unknown,philipreames.com
Unknown,probst.io
Unknown,reedtribe.org
Unknown,semihalf.com
Unknown,streamcomputing.com
Unknown,su-root.co.uk
Unknown,torchmobile.com.cn
Unknown,transgaming.com
Unknown,undefined
Unknown,whitequark.org
Valve,valvesoftware.com
Vewd,vewd.com
Vivaldi,vivaldi.com
Wacom,wacom.com
WebKit,webkit.org
Windfall,windfall.com
X,x.team
XMOS,xmos.com
Xiaomi,xiaomi.com
Yandex,yandex-team.ru
Zilliqa,zilliqa.com
